Time,Temperature
13:2:13:731270,MAX31856 thermocouple test
13:2:13:735260,Thermocouple type: K Type
13:2:13:735909,295.33
13:2:13:806327,295.37
13:2:13:888597,295.35
13:2:13:970905,295.31
13:2:14:53282,295.37
13:2:14:135556,295.42
13:2:14:217640,295.43
13:2:14:300093,295.35
13:2:14:382605,295.35
13:2:14:464312,295.32
13:2:14:546792,295.35
13:2:14:628886,295.33
13:2:14:711278,295.26
13:2:14:793633,295.33
13:2:14:876173,295.38
13:2:14:958672,295.41
13:2:15:54525,295.39
13:2:15:136246,295.38
13:2:15:218524,295.35
13:2:15:301120,295.27
13:2:15:383445,295.30
13:2:15:465735,295.37
13:2:15:547968,295.42
13:2:15:630948,295.39
13:2:15:713280,295.35
13:2:15:795281,295.31
13:2:15:877486,295.26
13:2:15:960242,295.39
13:2:16:42689,295.38
13:2:16:124957,295.35
13:2:16:206836,295.43
13:2:16:288812,295.35
13:2:16:384397,295.39
13:2:16:466821,295.45
13:2:16:549077,295.35
13:2:16:631772,295.38
13:2:16:714579,295.32
13:2:16:796889,295.35
13:2:16:878881,295.43
13:2:16:960522,295.41
13:2:17:43108,295.35
13:2:17:125845,295.31
13:2:17:207973,295.38
13:2:17:290316,295.33
13:2:17:372606,295.38
13:2:17:454619,295.33
13:2:17:537348,295.30
13:2:17:619638,295.35
13:2:17:715397,295.31
13:2:17:797448,295.30
13:2:17:880140,295.31
13:2:17:962587,295.37
13:2:18:44261,295.35
13:2:18:127150,295.41
13:2:18:208844,295.37
13:2:18:290992,295.35
13:2:18:374173,295.35
13:2:18:456532,295.27
13:2:18:538605,295.38
13:2:18:620510,295.35
13:2:18:703154,295.35
13:2:18:785612,295.35
13:2:18:867896,295.31
13:2:18:950182,295.30
13:2:19:45205,295.33
13:2:19:128350,295.30
13:2:19:210212,295.35
13:2:19:292950,295.32
13:2:19:375306,295.35
13:2:19:457595,295.35
13:2:19:539909,295.30
13:2:19:622097,295.27
13:2:19:703971,295.35
13:2:19:786510,295.32
13:2:19:869230,295.32
13:2:19:951076,295.35
13:2:20:34438,295.39
13:2:20:115521,295.41
13:2:20:197927,295.43
13:2:20:280230,295.42
13:2:20:375995,295.37
13:2:20:458270,295.35
13:2:20:540846,295.35
13:2:20:623205,295.35
13:2:20:705228,295.35
13:2:20:787412,295.30
13:2:20:869776,295.32
13:2:20:952400,295.28
13:2:21:34701,295.35
13:2:21:116438,295.35
13:2:21:199227,295.37
13:2:21:281484,295.47
13:2:21:363785,295.43
13:2:21:446444,295.35
13:2:21:528738,295.33
13:2:21:610632,295.37
13:2:21:706470,295.30
13:2:21:788471,295.30
13:2:21:871295,295.33
13:2:21:954038,295.27
13:2:22:36244,295.28
13:2:22:118503,295.37
13:2:22:200434,295.37
13:2:22:283131,295.37
13:2:22:364924,295.38
13:2:22:447365,295.41
13:2:22:529701,295.35
13:2:22:612164,295.27
13:2:22:694796,295.30
13:2:22:777000,295.45
13:2:22:859209,295.38
13:2:22:940943,295.35
13:2:23:36929,295.33
13:2:23:119202,295.35
13:2:23:201077,295.43
13:2:23:284214,295.35
13:2:23:366725,295.37
13:2:23:448722,295.39
13:2:23:531230,295.35
13:2:23:613600,295.41
13:2:23:695927,295.38
13:2:23:778230,295.41
13:2:23:860316,295.35
13:2:23:942462,295.33
13:2:24:24617,295.35
13:2:24:106920,295.42
13:2:24:189679,295.35
13:2:24:272001,295.24
13:2:24:367769,295.27
13:2:24:449780,295.31
13:2:24:532072,295.35
13:2:24:614495,295.39
13:2:24:696516,295.42
13:2:24:779373,295.35
13:2:24:861524,295.35
13:2:24:946435,295.41
13:2:25:26083,295.31
13:2:25:107532,295.38
13:2:25:190349,295.31
13:2:25:272293,295.37
13:2:25:355531,295.38
13:2:25:437027,295.37
13:2:25:519577,295.31
13:2:25:601630,295.31
13:2:25:698031,295.31
13:2:25:780407,295.32
13:2:25:862504,295.37
13:2:25:944591,295.35
13:2:26:26844,295.39
13:2:26:108958,295.31
13:2:26:191579,295.35
13:2:26:274420,295.42
13:2:26:356461,295.39
13:2:26:438842,295.38
13:2:26:521258,295.37
13:2:26:603603,295.35
13:2:26:685230,295.32
13:2:26:768232,295.30
13:2:26:850556,295.30
13:2:26:932829,295.38
13:2:27:28290,295.42
13:2:27:110543,295.38
13:2:27:192616,295.38
13:2:27:274735,295.45
13:2:27:357360,295.43
13:2:27:439515,295.39
13:2:27:521791,295.32
13:2:27:604567,295.37
13:2:27:686566,295.37
13:2:27:768474,295.42
13:2:27:850702,295.35
13:2:27:933007,295.35
13:2:28:15351,295.37
13:2:28:97671,295.38
13:2:28:179980,295.37
13:2:28:262299,295.35
13:2:28:358425,295.38
13:2:28:441233,295.31
13:2:28:523637,295.28
13:2:28:605785,295.35
13:2:28:687753,295.39
13:2:28:770109,295.37
13:2:28:852248,295.35
13:2:28:935013,295.43
13:2:29:16823,295.35
13:2:29:99419,295.42
13:2:29:181715,295.37
13:2:29:264309,295.38
13:2:29:350505,295.37
13:2:29:428292,295.32
13:2:29:511050,295.26
13:2:29:593740,295.35
13:2:29:689430,295.37
13:2:29:771792,295.38
13:2:29:854092,295.38
13:2:29:935994,295.35
13:2:30:18552,295.41
13:2:30:100708,295.41
13:2:30:182320,295.38
13:2:30:265214,295.37
13:2:30:347499,295.39
13:2:30:429599,295.38
13:2:30:511911,295.38
13:2:30:594748,295.37
13:2:30:677110,295.32
13:2:30:759477,295.35
13:2:30:841805,295.35
13:2:30:923605,295.43
13:2:31:19234,295.38
13:2:31:101718,295.35
13:2:31:183801,295.35
13:2:31:266882,295.37
13:2:31:348790,295.35
13:2:31:431308,295.37
13:2:31:512844,295.35
13:2:31:595256,295.35
13:2:31:677577,295.37
13:2:31:759868,295.37
13:2:31:842447,295.39
13:2:31:925041,295.33
13:2:32:7324,295.28
13:2:32:89501,295.37
13:2:32:171799,295.42
13:2:32:254141,295.37
13:2:32:349867,295.37
13:2:32:431794,295.38
13:2:32:514197,295.33
13:2:32:596394,295.35
13:2:32:679408,295.33
13:2:32:761705,295.35
13:2:32:844043,295.37
13:2:32:926363,295.37
13:2:33:8672,295.33
13:2:33:90708,295.33
13:2:33:172708,295.41
13:2:33:254959,295.41
13:2:33:337464,295.38
13:2:33:419852,295.37
13:2:33:502246,295.35
13:2:33:584141,295.37
13:2:33:679920,295.32
13:2:33:762402,295.35
13:2:33:844803,295.33
13:2:33:927687,295.31
13:2:34:10047,295.35
13:2:34:92308,295.27
13:2:34:173897,295.37
13:2:34:256473,295.38
13:2:34:339058,295.42
13:2:34:421454,295.38
13:2:34:503707,295.38
13:2:34:586023,295.35
13:2:34:668225,295.35
13:2:34:750244,295.35
13:2:34:832936,295.37
13:2:34:915153,295.42
13:2:35:11216,295.31
13:2:35:93654,295.35
13:2:35:175056,295.30
13:2:35:257865,295.33
13:2:35:340665,295.33
13:2:35:422943,295.37
13:2:35:505242,295.33
13:2:35:587203,295.35
13:2:35:668753,295.42
13:2:35:751875,295.43
13:2:35:833567,295.43
13:2:35:916351,295.48
13:2:36:2889,295.42
13:2:36:81317,295.42
13:2:36:163963,295.47
13:2:36:245448,295.37
13:2:36:341285,295.37
13:2:36:423931,295.39
13:2:36:506257,295.35
13:2:36:588564,295.35
13:2:36:670740,295.30
13:2:36:752692,295.31
13:2:36:835088,295.33
13:2:36:917368,295.35
13:2:37:144,295.35
13:2:37:82491,295.39
13:2:37:164710,295.35
13:2:37:246926,295.37
13:2:37:329665,295.38
13:2:37:411813,295.37
13:2:37:493461,295.38
13:2:37:576290,295.42
13:2:37:671836,295.33
13:2:37:753962,295.38
13:2:37:836190,295.35
13:2:37:918623,295.32
13:2:38:661,295.35
13:2:38:83709,295.31
13:2:38:166029,295.39
13:2:38:247969,295.35
13:2:38:330454,295.31
13:2:38:412748,295.32
13:2:38:494784,295.35
13:2:38:577299,295.37
13:2:38:659756,295.42
13:2:38:741968,295.42
13:2:38:824340,295.39
13:2:38:906636,295.35
13:2:39:2540,295.35
13:2:39:84161,295.48
13:2:39:166486,295.43
13:2:39:249008,295.38
13:2:39:331362,295.39
13:2:39:413645,295.39
13:2:39:496534,295.38
13:2:39:578133,295.37
13:2:39:661139,295.35
13:2:39:743071,295.38
13:2:39:824868,295.38
13:2:39:907616,295.32
13:2:39:989865,295.38
13:2:40:72462,295.32
13:2:40:154063,295.37
13:2:40:236625,295.31
13:2:40:332522,295.32
13:2:40:414901,295.39
13:2:40:496920,295.35
13:2:40:579487,295.35
13:2:40:661595,295.30
13:2:40:743986,295.35
13:2:40:826895,295.42
13:2:40:909334,295.39
13:2:40:991603,295.38
13:2:41:73859,295.32
13:2:41:156032,295.43
13:2:41:237783,295.41
13:2:41:320560,295.37
13:2:41:403105,295.35
13:2:41:485599,295.39
13:2:41:567690,295.32
13:2:41:663632,295.37
13:2:41:745514,295.35
13:2:41:827591,295.30
13:2:41:909599,295.30
13:2:41:992701,295.35
13:2:42:74637,295.35
13:2:42:156970,295.30
13:2:42:239025,295.33
13:2:42:321043,295.35
13:2:42:404034,295.37
13:2:42:486667,295.37
13:2:42:568961,295.37
13:2:42:651284,295.42
13:2:42:733641,295.37
13:2:42:815970,295.33
13:2:42:897860,295.33
13:2:42:993853,295.27
13:2:43:76138,295.35
13:2:43:158093,295.42
13:2:43:240734,295.35
13:2:43:322950,295.37
13:2:43:405401,295.27
13:2:43:487428,295.30
13:2:43:569779,295.35
13:2:43:652149,295.30
13:2:43:734250,295.35
13:2:43:816845,295.33
13:2:43:899146,295.33
13:2:43:980748,295.41
13:2:44:63940,295.37
13:2:44:145971,295.33
13:2:44:228403,295.35
13:2:44:323712,295.41
13:2:44:406064,295.41
13:2:44:488733,295.37
13:2:44:570984,295.37
13:2:44:653323,295.32
13:2:44:735555,295.35
13:2:44:818133,295.37
13:2:44:900566,295.35
13:2:44:982827,295.31
13:2:45:64918,295.33
13:2:45:147213,295.35
13:2:45:228840,295.42
13:2:45:311898,295.30
13:2:45:394498,295.30
13:2:45:476350,295.35
13:2:45:558957,295.35
13:2:45:654167,295.31
13:2:45:736947,295.32
13:2:45:819244,295.38
13:2:45:901656,295.37
13:2:45:983907,295.38
13:2:46:65318,295.35
13:2:46:148047,295.35
13:2:46:230552,295.24
13:2:46:313272,295.27
13:2:46:395314,295.38
13:2:46:477826,295.35
13:2:46:559853,295.35
13:2:46:642270,295.37
13:2:46:724225,295.35
13:2:46:806717,295.33
13:2:46:889210,295.31
13:2:46:985127,295.35
13:2:47:67493,295.39
13:2:47:149519,295.37
13:2:47:231782,295.31
13:2:47:313904,295.24
13:2:47:396598,295.27
13:2:47:479046,295.33
13:2:47:561268,295.35
13:2:47:643810,295.38
13:2:47:726113,295.35
13:2:47:807660,295.31
13:2:47:890042,295.30
13:2:47:972630,295.30
13:2:48:55108,295.30
13:2:48:136671,295.30
13:2:48:219867,295.28
13:2:48:315646,295.30
13:2:48:397279,295.31
13:2:48:479709,295.32
13:2:48:562462,295.24
13:2:48:644449,295.30
13:2:48:727342,295.38
13:2:48:809166,295.31
13:2:48:891522,295.33
13:2:48:973577,295.39
13:2:49:56412,295.35
13:2:49:138516,295.35
13:2:49:221114,295.35
13:2:49:303369,295.33
13:2:49:385747,295.39
13:2:49:467449,295.35
13:2:49:550256,295.24
13:2:49:646028,295.31
13:2:49:728333,295.30
13:2:49:810701,295.27
13:2:49:892972,295.27
13:2:49:975415,295.37
13:2:50:56932,295.24
13:2:50:139179,295.26
13:2:50:221568,295.35
13:2:50:304218,295.35
13:2:50:386511,295.31
13:2:50:468816,295.32
13:2:50:550782,295.31
13:2:50:633802,295.35
13:2:50:716043,295.32
13:2:50:798384,295.24
13:2:50:880618,295.35
13:2:50:976619,295.32
13:2:51:58887,295.31
13:2:51:140507,295.32
13:2:51:223749,295.30
13:2:51:305886,295.33
13:2:51:388156,295.28
13:2:51:470546,295.31
13:2:51:552808,295.30
13:2:51:634445,295.24
13:2:51:717304,295.24
13:2:51:799570,295.35
13:2:51:881662,295.38
13:2:51:964069,295.35
13:2:52:46355,295.31
13:2:52:128895,295.28
13:2:52:210607,295.30
13:2:52:306375,295.35
13:2:52:388767,295.39
13:2:52:471465,295.32
13:2:52:553476,295.28
13:2:52:635984,295.28
13:2:52:718307,295.35
13:2:52:800826,295.32
13:2:52:883129,295.31
13:2:52:965277,295.35
13:2:53:47981,295.31
13:2:53:129860,295.27
13:2:53:212607,295.31
13:2:53:294018,295.41
13:2:53:376578,295.39
13:2:53:459220,295.35
13:2:53:541590,295.38
13:2:53:637426,295.38
13:2:53:719663,295.32
13:2:53:801785,295.33
13:2:53:883770,295.38
13:2:53:966670,295.24
13:2:54:48917,295.24
13:2:54:130726,295.30
13:2:54:213167,295.30
13:2:54:295355,295.30
13:2:54:377550,295.35
13:2:54:460108,295.32
13:2:54:542490,295.35
13:2:54:624856,295.38
13:2:54:707699,295.37
13:2:54:789789,295.32
13:2:54:871951,295.32
13:2:54:967013,295.35
13:2:55:49472,295.35
13:2:55:131775,295.39
13:2:55:213939,295.39
13:2:55:296321,295.32
13:2:55:378798,295.31
13:2:55:461201,295.35
13:2:55:543462,295.32
13:2:55:625760,295.35
13:2:55:708208,295.35
13:2:55:790459,295.31
13:2:55:872490,295.30
13:2:55:954802,295.30
13:2:56:37410,295.27
13:2:56:119690,295.35
13:2:56:202398,295.31
13:2:56:297711,295.31
13:2:56:379966,295.35
13:2:56:462142,295.27
13:2:56:544314,295.35
13:2:56:627137,295.33
13:2:56:709475,295.39
13:2:56:791774,295.43
13:2:56:873922,295.31
13:2:56:956422,295.26
13:2:57:38363,295.35
13:2:57:120531,295.30
13:2:57:202991,295.28
13:2:57:285225,295.31
13:2:57:367650,295.24
13:2:57:450132,295.27
13:2:57:532192,295.35
13:2:57:627841,295.35
13:2:57:710336,295.41
13:2:57:792435,295.43
13:2:57:875036,295.38
13:2:57:957407,295.37
13:2:58:39745,295.35
13:2:58:122011,295.38
13:2:58:204027,295.30
13:2:58:286548,295.28
13:2:58:369349,295.38
13:2:58:451784,295.30
13:2:58:533409,295.28
13:2:58:615734,295.38
13:2:58:698196,295.31
13:2:58:780525,295.35
13:2:58:862811,295.31
13:2:58:958534,295.35
13:2:59:40675,295.30
13:2:59:123164,295.31
13:2:59:205442,295.39
13:2:59:287730,295.35
13:2:59:369853,295.35
13:2:59:452158,295.38
13:2:59:535352,295.35
13:2:59:617238,295.38
13:2:59:699492,295.39
13:2:59:782124,295.35
13:2:59:864477,295.35
13:2:59:946898,295.28
13:3:0:28611,295.31
13:3:0:110619,295.35
13:3:0:193361,295.35
13:3:0:288942,295.35
13:3:0:371677,295.33
13:3:0:453964,295.31
13:3:0:536884,295.33
13:3:0:618065,295.32
13:3:0:700541,295.35
13:3:0:782871,295.35
13:3:0:865563,295.31
13:3:0:947913,295.35
13:3:1:29734,295.33
13:3:1:112738,295.35
13:3:1:194531,295.35
13:3:1:276688,295.31
13:3:1:359253,295.35
13:3:1:441804,295.39
13:3:1:523519,295.39
13:3:1:619491,295.37
13:3:1:702396,295.42
13:3:1:783854,295.39
13:3:1:866499,295.31
13:3:1:948814,295.33
13:3:2:31614,295.31
13:3:2:113427,295.37
13:3:2:196164,295.30
13:3:2:278540,295.24
13:3:2:360274,295.24
13:3:2:442968,295.35
13:3:2:525177,295.39
13:3:2:607524,295.35
13:3:2:689246,295.35
13:3:2:771808,295.35
13:3:2:854041,295.37
13:3:2:950243,295.35
13:3:3:32576,295.35
13:3:3:114836,295.35
13:3:3:197517,295.33
13:3:3:279770,295.30
13:3:3:362064,295.30
13:3:3:443936,295.35
13:3:3:526829,295.35
13:3:3:609127,295.31
13:3:3:691256,295.30
13:3:3:773489,295.30
13:3:3:855818,295.31
13:3:3:937976,295.37
13:3:4:20474,295.35
13:3:4:102819,295.38
13:3:4:185291,295.30
13:3:4:280937,295.32
13:3:4:363237,295.37
13:3:4:445600,295.38
13:3:4:527330,295.30
13:3:4:610126,295.33
13:3:4:692345,295.33
13:3:4:774172,295.30
13:3:4:856898,295.37
13:3:4:939525,295.41
13:3:5:21226,295.37
13:3:5:103907,295.37
13:3:5:185615,295.35
13:3:5:268275,295.39
13:3:5:351034,295.38
13:3:5:433247,295.35
13:3:5:515624,295.35
13:3:5:610744,295.32
13:3:5:693202,295.31
13:3:5:775214,295.41
13:3:5:857830,295.38
13:3:5:940674,295.39
13:3:6:22866,295.35
13:3:6:104972,295.31
13:3:6:186993,295.31
13:3:6:269916,295.35
13:3:6:352267,295.41
13:3:6:434163,295.30
13:3:6:516832,295.33
13:3:6:599098,295.33
13:3:6:680789,295.32
13:3:6:763292,295.35
13:3:6:845458,295.37
13:3:6:941533,295.39
13:3:7:23827,295.31
13:3:7:106221,295.35
13:3:7:188313,295.30
13:3:7:270516,295.39
13:3:7:352853,295.39
13:3:7:434864,295.39
13:3:7:517306,295.35
13:3:7:599832,295.35
13:3:7:682643,295.35
13:3:7:764486,295.35
13:3:7:846713,295.37
13:3:7:929026,295.32
13:3:8:11302,295.35
13:3:8:93972,295.35
13:3:8:176287,295.39
13:3:8:272127,295.31
13:3:8:354412,295.33
13:3:8:436262,295.35
13:3:8:518648,295.31
13:3:8:601608,295.33
13:3:8:683940,295.37
13:3:8:766098,295.32
13:3:8:847695,295.35
13:3:8:929962,295.35
13:3:9:12858,295.37
13:3:9:95033,295.37
13:3:9:177296,295.44
13:3:9:259641,295.42
13:3:9:341804,295.35
13:3:9:423744,295.32
13:3:9:506653,295.38
13:3:9:602409,295.32
13:3:9:685081,295.41
13:3:9:767411,295.35
13:3:9:849402,295.35
13:3:9:931373,295.32
13:3:10:14304,295.30
13:3:10:96598,295.32
13:3:10:178110,295.39
13:3:10:260691,295.39
13:3:10:343403,295.38
13:3:10:425183,295.35
13:3:10:507613,295.35
13:3:10:589969,295.32
13:3:10:672744,295.37
13:3:10:754648,295.38
13:3:10:837230,295.37
13:3:10:932497,295.48
13:3:11:14572,295.35
13:3:11:97171,295.37
13:3:11:179481,295.37
13:3:11:262308,295.38
13:3:11:344731,295.31
13:3:11:427020,295.35
13:3:11:508581,295.28
13:3:11:591277,295.35
13:3:11:673932,295.33
13:3:11:755814,295.35
13:3:11:838367,295.31
13:3:11:920541,295.37
13:3:12:3097,295.37
13:3:12:85010,295.31
13:3:12:167880,295.37
13:3:12:263570,295.28
13:3:12:345726,295.35
13:3:12:427913,295.42
13:3:12:510349,295.42
13:3:12:592287,295.35
13:3:12:674727,295.35
13:3:12:756791,295.39
13:3:12:839486,295.41
13:3:12:921729,295.42
13:3:13:4202,295.38
13:3:13:85846,295.35
13:3:13:168567,295.31
13:3:13:250932,295.41
13:3:13:333649,295.38
13:3:13:415493,295.35
13:3:13:497774,295.35
13:3:13:593662,295.43
13:3:13:676016,295.38
13:3:13:758191,295.35
13:3:13:840920,295.48
13:3:13:923221,295.35
13:3:14:5287,295.37
13:3:14:87559,295.33
13:3:14:169731,295.31
13:3:14:252525,295.32
13:3:14:334827,295.30
13:3:14:417115,295.35
13:3:14:498912,295.39
13:3:14:581916,295.39
13:3:14:663490,295.37
13:3:14:746081,295.32
13:3:14:828505,295.30
13:3:14:923503,295.35
13:3:15:5815,295.35
13:3:15:88326,295.24
13:3:15:170618,295.38
13:3:15:253062,295.35
13:3:15:335916,295.32
13:3:15:418219,295.38
13:3:15:500682,295.33
13:3:15:582674,295.35
13:3:15:665480,295.37
13:3:15:747624,295.35
13:3:15:829169,295.37
13:3:15:911626,295.43
13:3:15:993924,295.43
13:3:16:76397,295.39
13:3:16:158874,295.35
13:3:16:254390,295.37
13:3:16:336636,295.39
13:3:16:419448,295.39
13:3:16:501453,295.35
13:3:16:583854,295.38
13:3:16:666540,295.38
13:3:16:748847,295.35
13:3:16:831097,295.32
13:3:16:912899,295.39
13:3:16:995782,295.41
13:3:17:77296,295.33
13:3:17:159606,295.38
13:3:17:241709,295.38
13:3:17:324668,295.35
13:3:17:406782,295.44
13:3:17:489474,295.38
13:3:17:584497,295.38
13:3:17:667097,295.41
13:3:17:749295,295.35
13:3:17:832190,295.38
13:3:17:914579,295.33
13:3:17:996396,295.37
13:3:18:78847,295.33
13:3:18:161208,295.37
13:3:18:243245,295.38
13:3:18:325866,295.32
13:3:18:408536,295.38
13:3:18:490526,295.41
13:3:18:572892,295.35
13:3:18:655361,295.37
13:3:18:736856,295.35
13:3:18:819165,295.30
13:3:18:915755,295.35
13:3:18:998049,295.35
13:3:19:79608,295.32
13:3:19:162183,295.39
13:3:19:244118,295.35
13:3:19:326732,295.35
13:3:19:409193,295.37
13:3:19:491534,295.39
13:3:19:573839,295.37
13:3:19:656668,295.35
13:3:19:738871,295.37
13:3:19:820996,295.38
13:3:19:903407,295.37
13:3:19:986056,295.31
13:3:20:68158,295.39
13:3:20:150217,295.43
13:3:20:245345,295.39
13:3:20:328084,295.38
13:3:20:410403,295.38
13:3:20:493026,295.35
13:3:20:575371,295.38
13:3:20:657739,295.39
13:3:20:739418,295.38
13:3:20:822245,295.33
13:3:20:904704,295.37
13:3:20:987224,295.41
13:3:21:69305,295.43
13:3:21:150939,295.38
13:3:21:233561,295.37
13:3:21:315579,295.35
13:3:21:398057,295.35
13:3:21:480590,295.37
13:3:21:576328,295.35
13:3:21:658581,295.35
13:3:21:740820,295.41
13:3:21:822938,295.33
13:3:21:905461,295.35
13:3:21:987691,295.32
13:3:22:70551,295.39
13:3:22:152548,295.35
13:3:22:234624,295.32
13:3:22:316754,295.37
13:3:22:399317,295.37
13:3:22:481882,295.37
13:3:22:564348,295.32
13:3:22:646502,295.35
13:3:22:728684,295.37
13:3:22:811346,295.35
13:3:22:906315,295.39
13:3:22:988911,295.47
13:3:23:71719,295.38
13:3:23:153670,295.32
13:3:23:235319,295.35
13:3:23:317633,295.35
13:3:23:399910,295.38
13:3:23:482499,295.41
13:3:23:565345,295.37
13:3:23:647448,295.32
13:3:23:729538,295.35
13:3:23:811729,295.45
13:3:23:894110,295.42
13:3:23:976153,295.38
13:3:24:59381,295.38
13:3:24:141536,295.38
13:3:24:237420,295.41
13:3:24:319746,295.42
13:3:24:401716,295.45
13:3:24:483599,295.37
13:3:24:566353,295.35
13:3:24:648697,295.41
13:3:24:730993,295.38
13:3:24:813397,295.33
13:3:24:895622,295.38
13:3:24:977955,295.35
13:3:25:59961,295.30
13:3:25:142600,295.38
13:3:25:224990,295.39
13:3:25:306982,295.37
13:3:25:389276,295.37
13:3:25:471423,295.35
13:3:25:567533,295.35
13:3:25:650100,295.32
13:3:25:732417,295.33
13:3:25:814767,295.38
13:3:25:896490,295.35
13:3:25:978637,295.35
13:3:26:61279,295.31
13:3:26:143207,295.38
13:3:26:225994,295.35
13:3:26:308055,295.43
13:3:26:390338,295.43
13:3:26:473185,295.35
13:3:26:555712,295.37
13:3:26:637740,295.38
13:3:26:719611,295.33
13:3:26:802168,295.37
13:3:26:897701,295.32
13:3:26:980509,295.32
13:3:27:62814,295.31
13:3:27:145168,295.30
13:3:27:226941,295.33
13:3:27:309600,295.42
13:3:27:392196,295.42
13:3:27:473666,295.41
13:3:27:556272,295.32
13:3:27:638614,295.35
13:3:27:721124,295.38
13:3:27:803114,295.37
13:3:27:885985,295.41
13:3:27:968335,295.35
13:3:28:50732,295.30
13:3:28:132684,295.27
13:3:28:228651,295.38
13:3:28:310545,295.39
13:3:28:392324,295.38
13:3:28:474635,295.37
13:3:28:556966,295.38
13:3:28:639340,295.35
13:3:28:721635,295.37
13:3:28:803870,295.37
13:3:28:886288,295.33
13:3:28:968949,295.37
13:3:29:51265,295.39
13:3:29:133640,295.37
13:3:29:216454,295.31
13:3:29:298399,295.41
13:3:29:380524,295.41
13:3:29:462940,295.37
13:3:29:558207,295.39
13:3:29:641093,295.28
13:3:29:723577,295.35
13:3:29:805917,295.38
13:3:29:888068,295.44
13:3:29:970162,295.37
13:3:30:52907,295.32
13:3:30:134562,295.41
13:3:30:216661,295.35
13:3:30:299871,295.31
13:3:30:382254,295.32
13:3:30:463795,295.35
13:3:30:546365,295.35
13:3:30:628570,295.32
13:3:30:711461,295.41
13:3:30:793974,295.41
13:3:30:889543,295.41
13:3:30:971827,295.42
13:3:31:53630,295.35
13:3:31:136171,295.31
13:3:31:218808,295.35
13:3:31:301018,295.39
13:3:31:383074,295.30
13:3:31:465454,295.30
13:3:31:547244,295.31
13:3:31:630072,295.37
13:3:31:711976,295.41
13:3:31:794671,295.38
13:3:31:877323,295.32
13:3:31:959796,295.37
13:3:32:41545,295.35
13:3:32:123464,295.42
13:3:32:218953,295.38
13:3:32:301966,295.43
13:3:32:384052,295.33
13:3:32:466827,295.38
13:3:32:548908,295.37
13:3:32:631189,295.35
13:3:32:713513,295.38
13:3:32:796117,295.44
13:3:32:878458,295.35
13:3:32:960828,295.38
13:3:33:43100,295.38
13:3:33:125183,295.41
13:3:33:207307,295.39
13:3:33:290055,295.35
13:3:33:372422,295.38
13:3:33:454531,295.43
13:3:33:550040,295.30
13:3:33:632625,295.31
13:3:33:714398,295.38
13:3:33:796659,295.39
13:3:33:879365,295.32
13:3:33:961714,295.33
13:3:34:43608,295.38
13:3:34:126364,295.31
13:3:34:208805,295.31
13:3:34:290785,295.31
13:3:34:373532,295.38
13:3:34:455599,295.38
13:3:34:538149,295.38
13:3:34:620351,295.38
13:3:34:702550,295.38
13:3:34:784497,295.37
13:3:34:880784,295.38
13:3:34:963107,295.38
13:3:35:45420,295.38
13:3:35:127730,295.35
13:3:35:209277,295.31
13:3:35:291428,295.42
13:3:35:374575,295.52
13:3:35:456682,295.35
13:3:35:539330,295.37
13:3:35:621600,295.37
13:3:35:703925,295.42
13:3:35:785493,295.43
13:3:35:868220,295.41
13:3:35:950414,295.35
13:3:36:33418,295.41
13:3:36:115735,295.37
13:3:36:210810,295.35
13:3:36:293640,295.35
13:3:36:375351,295.37
13:3:36:457910,295.33
13:3:36:540213,295.41
13:3:36:622523,295.35
13:3:36:704857,295.35
13:3:36:787373,295.42
13:3:36:869460,295.35
13:3:36:951441,295.41
13:3:37:34146,295.37
13:3:37:116451,295.35
13:3:37:198684,295.37
13:3:37:281359,295.38
13:3:37:363412,295.43
13:3:37:445382,295.47
13:3:37:540970,295.41
13:3:37:623533,295.41
13:3:37:705850,295.35
13:3:37:788167,295.35
13:3:37:869916,295.37
13:3:37:952334,295.43
13:3:38:34896,295.39
13:3:38:117539,295.41
13:3:38:200136,295.39
13:3:38:282504,295.44
13:3:38:364810,295.43
13:3:38:447126,295.44
13:3:38:528709,295.37
13:3:38:611470,295.35
13:3:38:693765,295.35
13:3:38:776075,295.41
13:3:38:871702,295.50
13:3:38:953964,295.39
13:3:39:36073,295.37
13:3:39:118652,295.41
13:3:39:200709,295.41
13:3:39:283675,295.37
13:3:39:365929,295.32
13:3:39:448244,295.42
13:3:39:530622,295.35
13:3:39:612349,295.38
13:3:39:694940,295.44
13:3:39:777283,295.38
13:3:39:859568,295.35
13:3:39:941287,295.39
13:3:40:23936,295.37
13:3:40:106285,295.35
13:3:40:201453,295.41
13:3:40:284692,295.37
13:3:40:367037,295.43
13:3:40:449363,295.48
13:3:40:531777,295.42
13:3:40:613477,295.41
13:3:40:696336,295.42
13:3:40:778726,295.35
13:3:40:860740,295.32
13:3:40:943227,295.41
13:3:41:25659,295.43
13:3:41:107665,295.35
13:3:41:189600,295.37
13:3:41:272085,295.41
13:3:41:354779,295.31
13:3:41:436850,295.37
13:3:41:532705,295.39
13:3:41:614878,295.35
13:3:41:696664,295.35
13:3:41:779283,295.35
13:3:41:861816,295.28
13:3:41:944266,295.31
13:3:42:25785,295.41
13:3:42:109030,295.43
13:3:42:190955,295.43
13:3:42:273020,295.42
13:3:42:355824,295.37
13:3:42:438297,295.38
13:3:42:520814,295.41
13:3:42:602808,295.41
13:3:42:684783,295.39
13:3:42:767170,295.35
13:3:42:863181,295.43
13:3:42:945536,295.41
13:3:43:27739,295.35
13:3:43:110171,295.35
13:3:43:192386,295.35
13:3:43:274763,295.37
13:3:43:356681,295.37
13:3:43:439252,295.31
13:3:43:521540,295.41
13:3:43:604099,295.41
13:3:43:686641,295.35
13:3:43:768383,295.35
13:3:43:850661,295.37
13:3:43:933007,295.47
13:3:44:15371,295.37
13:3:44:97168,295.37
13:3:44:193248,295.42
13:3:44:275649,295.43
13:3:44:358074,295.43
13:3:44:439874,295.37
13:3:44:522685,295.35
13:3:44:605050,295.38
13:3:44:687643,295.43
13:3:44:769608,295.42
13:3:44:851694,295.35
13:3:44:934242,295.37
13:3:45:16302,295.37
13:3:45:99088,295.41
13:3:45:181156,295.37
13:3:45:262898,295.39
13:3:45:345927,295.43
13:3:45:428407,295.35
13:3:45:523407,295.42
13:3:45:605805,295.44
13:3:45:688173,295.42
13:3:45:770510,295.42
13:3:45:853186,295.42
13:3:45:935586,295.41
13:3:46:17308,295.35
13:3:46:99689,295.38
13:3:46:181889,295.38
13:3:46:264721,295.38
13:3:46:347033,295.35
13:3:46:429448,295.33
13:3:46:511629,295.30
13:3:46:593628,295.39
13:3:46:676150,295.42
13:3:46:757989,295.38
13:3:46:854128,295.35
13:3:46:936583,295.39
13:3:47:18242,295.39
13:3:47:100663,295.33
13:3:47:183669,295.31
13:3:47:266038,295.41
13:3:47:348418,295.39
13:3:47:430765,295.42
13:3:47:512504,295.35
13:3:47:595339,295.37
13:3:47:677185,295.37
13:3:47:759757,295.41
13:3:47:842373,295.39
13:3:47:924534,295.33
13:3:48:6971,295.38
13:3:48:89161,295.42
13:3:48:184567,295.39
13:3:48:266570,295.35
13:3:48:348808,295.35
13:3:48:431346,295.37
13:3:48:514164,295.31
13:3:48:596566,295.35
13:3:48:678469,295.43
13:3:48:760588,295.38
13:3:48:843110,295.35
13:3:48:925643,295.35
13:3:49:7929,295.35
13:3:49:90316,295.39
13:3:49:172345,295.43
13:3:49:254680,295.37
13:3:49:336592,295.43
13:3:49:419495,295.37
13:3:49:515299,295.31
13:3:49:597600,295.35
13:3:49:679614,295.41
13:3:49:762067,295.41
13:3:49:844287,295.39
13:3:49:926612,295.39
13:3:50:9266,295.44
13:3:50:91620,295.37
13:3:50:173253,295.38
13:3:50:255694,295.31
13:3:50:337861,295.32
13:3:50:420378,295.33
13:3:50:502863,295.30
13:3:50:585255,295.35
13:3:50:667542,295.41
13:3:50:749921,295.37
13:3:50:845849,295.37
13:3:50:927938,295.35
13:3:51:9853,295.37
13:3:51:92716,295.33
13:3:51:175049,295.37
13:3:51:257387,295.44
13:3:51:339734,295.42
13:3:51:422020,295.32
13:3:51:504106,295.41
13:3:51:586376,295.43
13:3:51:668986,295.44
13:3:51:751046,295.35
13:3:51:833176,295.39
13:3:51:915401,295.41
13:3:51:998144,295.39
13:3:52:80003,295.37
13:3:52:175598,295.33
13:3:52:257984,295.35
13:3:52:340525,295.42
13:3:52:422203,295.39
13:3:52:505190,295.39
13:3:52:587309,295.35
13:3:52:669516,295.41
13:3:52:752388,295.38
13:3:52:834785,295.38
13:3:52:916903,295.35
13:3:52:999372,295.45
13:3:53:81538,295.47
13:3:53:163321,295.47
13:3:53:246386,295.33
13:3:53:328406,295.33
13:3:53:410669,295.38
13:3:53:506330,295.41
13:3:53:588916,295.37
13:3:53:671006,295.42
13:3:53:753086,295.43
13:3:53:835827,295.42
13:3:53:917986,295.43
13:3:54:500,295.37
13:3:54:82745,295.35
13:3:54:165079,295.39
13:3:54:246822,295.42
13:3:54:329377,295.41
13:3:54:412357,295.37
13:3:54:493961,295.43
13:3:54:576277,295.35
13:3:54:658945,295.33
13:3:54:741407,295.37
13:3:54:836550,295.37
13:3:54:919344,295.43
13:3:55:1084,295.42
13:3:55:83807,295.39
13:3:55:165808,295.38
13:3:55:247892,295.33
13:3:55:330343,295.33
13:3:55:413178,295.33
13:3:55:495542,295.41
13:3:55:577827,295.39
13:3:55:660236,295.33
13:3:55:742544,295.37
13:3:55:824322,295.41
13:3:55:906326,295.37
13:3:55:989441,295.35
13:3:56:71522,295.27
13:3:56:166874,295.37
13:3:56:249156,295.35
13:3:56:331520,295.37
13:3:56:413806,295.37
13:3:56:495903,295.37
13:3:56:578313,295.42
13:3:56:660955,295.35
13:3:56:743203,295.43
13:3:56:825459,295.38
13:3:56:907691,295.37
13:3:56:990107,295.32
13:3:57:72899,295.32
13:3:57:154857,295.41
13:3:57:237549,295.37
13:3:57:319748,295.37
13:3:57:401959,295.37
13:3:57:497082,295.35
13:3:57:579816,295.26
13:3:57:662197,295.37
13:3:57:744556,295.41
13:3:57:826822,295.41
13:3:57:909373,295.41
13:3:57:991512,295.43
13:3:58:73552,295.35
13:3:58:156231,295.41
13:3:58:238604,295.39
13:3:58:320762,295.33
13:3:58:403197,295.41
13:3:58:485273,295.41
13:3:58:567212,295.35
13:3:58:649686,295.35
13:3:58:732648,295.37
13:3:58:828260,295.37
13:3:58:910676,295.41
13:3:58:992848,295.38
13:3:59:74855,295.41
13:3:59:156944,295.42
13:3:59:239531,295.41
13:3:59:321990,295.33
13:3:59:404384,295.41
13:3:59:486375,295.44
13:3:59:568283,295.35
13:3:59:650792,295.33
13:3:59:733538,295.35
13:3:59:815889,295.33
13:3:59:898192,295.32
13:3:59:980801,295.37
13:4:0:63097,295.38
13:4:0:157988,295.39
13:4:0:240255,295.39
13:4:0:323090,295.42
13:4:0:405650,295.37
13:4:0:487782,295.37
13:4:0:569949,295.41
13:4:0:652035,295.41
13:4:0:734125,295.38
13:4:0:816714,295.33
13:4:0:899354,295.37
13:4:0:981695,295.37
13:4:1:63940,295.33
13:4:1:146415,295.39
13:4:1:228407,295.38
13:4:1:310878,295.35
13:4:1:393324,295.42
13:4:1:488748,295.39
13:4:1:571389,295.37
13:4:1:653960,295.37
13:4:1:736084,295.37
13:4:1:818039,295.37
13:4:1:900210,295.37
13:4:1:982522,295.39
13:4:2:65308,295.35
13:4:2:147110,295.37
13:4:2:229931,295.35
13:4:2:312140,295.37
13:4:2:394652,295.38
13:4:2:476994,295.33
13:4:2:559281,295.32
13:4:2:641586,295.42
13:4:2:723844,295.43
13:4:2:818634,295.45
13:4:2:901828,295.39
13:4:2:984157,295.44
13:4:3:66554,295.44
13:4:3:148467,295.39
13:4:3:230896,295.39
13:4:3:313511,295.41
13:4:3:395028,295.30
13:4:3:477651,295.33
13:4:3:560205,295.32
13:4:3:642692,295.32
13:4:3:724656,295.35
13:4:3:806784,295.35
13:4:3:889172,295.32
13:4:3:971311,295.42
13:4:4:54336,295.47
13:4:4:149690,295.43
13:4:4:231810,295.33
13:4:4:314688,295.32
13:4:4:396691,295.33
13:4:4:478318,295.39
13:4:4:561014,295.39
13:4:4:643438,295.35
13:4:4:725898,295.39
13:4:4:808457,295.32
13:4:4:889926,295.35
13:4:4:972540,295.32
13:4:5:55152,295.33
13:4:5:137512,295.33
13:4:5:219050,295.42
13:4:5:301830,295.35
13:4:5:384269,295.38
13:4:5:480345,295.44
13:4:5:562060,295.44
13:4:5:644939,295.35
13:4:5:727258,295.32
13:4:5:809640,295.33
13:4:5:891765,295.44
13:4:5:974539,295.44
13:4:6:56667,295.39
13:4:6:138406,295.42
13:4:6:220796,295.43
13:4:6:303114,295.35
13:4:6:385367,295.37
13:4:6:467918,295.38
13:4:6:550402,295.37
13:4:6:632052,295.37
13:4:6:714508,295.37
13:4:6:810733,295.48
13:4:6:893016,295.33
13:4:6:974762,295.28
13:4:7:56846,295.32
13:4:7:139419,295.41
13:4:7:221698,295.43
13:4:7:304466,295.41
13:4:7:386839,295.32
13:4:7:469130,295.27
13:4:7:551280,295.39
13:4:7:633132,295.30
13:4:7:715475,295.37
13:4:7:797639,295.44
13:4:7:879963,295.39
13:4:7:962471,295.27
13:4:8:44682,295.37
13:4:8:140513,295.37
13:4:8:222886,295.39
13:4:8:305204,295.30
13:4:8:387483,295.44
13:4:8:470071,295.42
13:4:8:552391,295.37
13:4:8:634670,295.42
13:4:8:717032,295.39
13:4:8:799102,295.33
13:4:8:881818,295.32
13:4:8:964166,295.42
13:4:9:46304,295.39
13:4:9:128056,295.33
13:4:9:210906,295.33
13:4:9:292842,295.32
13:4:9:375242,295.43
13:4:9:471089,295.35
13:4:9:553377,295.42
13:4:9:635681,295.35
13:4:9:718029,295.35
13:4:9:800014,295.43
13:4:9:882630,295.38
13:4:9:964974,295.41
13:4:10:47033,295.42
13:4:10:129280,295.37
13:4:10:211380,295.33
13:4:10:293988,295.43
13:4:10:376446,295.43
13:4:10:458785,295.33
13:4:10:541484,295.41
13:4:10:623920,295.43
13:4:10:706215,295.42
13:4:10:801853,295.45
13:4:10:883928,295.39
13:4:10:966968,295.35
13:4:11:48758,295.35
13:4:11:130908,295.35
13:4:11:212577,295.42
13:4:11:295158,295.37
13:4:11:378025,295.35
13:4:11:460218,295.37
13:4:11:542427,295.43
13:4:11:624642,295.42
13:4:11:706965,295.43
13:4:11:789536,295.41
13:4:11:871132,295.35
13:4:11:953402,295.41
13:4:12:36173,295.43
13:4:12:132016,295.42
13:4:12:214601,295.33
13:4:12:296573,295.39
13:4:12:378823,295.41
13:4:12:461167,295.33
13:4:12:543617,295.37
13:4:12:625639,295.39
13:4:12:708300,295.33
13:4:12:790526,295.38
13:4:12:872567,295.33
13:4:12:955360,295.33
13:4:13:37561,295.33
13:4:13:119807,295.33
13:4:13:202118,295.48
13:4:13:283815,295.44
13:4:13:366162,295.42
13:4:13:461926,295.39
13:4:13:544224,295.43
13:4:13:626669,295.35
13:4:13:709034,295.35
13:4:13:791608,295.30
13:4:13:873612,295.32
13:4:13:956305,295.30
13:4:14:38288,295.33
13:4:14:120576,295.35
13:4:14:202766,295.38
13:4:14:285079,295.37
13:4:14:367143,295.39
13:4:14:449456,295.39
13:4:14:531989,295.35
13:4:14:614374,295.39
13:4:14:696588,295.35
13:4:14:792646,295.42
13:4:14:875159,295.33
13:4:14:957335,295.35
13:4:15:39693,295.44
13:4:15:121932,295.43
13:4:15:203942,295.49
13:4:15:286523,295.42
13:4:15:368572,295.44
13:4:15:450833,295.43
13:4:15:533188,295.39
13:4:15:615548,295.35
13:4:15:698087,295.41
13:4:15:780186,295.37
13:4:15:862784,295.41
13:4:15:945240,295.44
13:4:16:27369,295.38
13:4:16:122985,295.35
13:4:16:205332,295.39
13:4:16:287596,295.39
13:4:16:370178,295.32
13:4:16:452487,295.39
13:4:16:534608,295.43
13:4:16:616693,295.37
13:4:16:699068,295.41
13:4:16:781466,295.32
13:4:16:863936,295.41
13:4:16:945874,295.35
13:4:17:28406,295.42
13:4:17:111450,295.35
13:4:17:193012,295.35
13:4:17:275679,295.37
13:4:17:357327,295.38
13:4:17:453085,295.42
13:4:17:535627,295.32
13:4:17:618033,295.41
13:4:17:700146,295.41
13:4:17:782758,295.41
13:4:17:865033,295.48
13:4:17:947293,295.35
13:4:18:29687,295.32
13:4:18:111744,295.33
13:4:18:194251,295.41
13:4:18:276353,295.47
13:4:18:359036,295.35
13:4:18:440985,295.33
13:4:18:523567,295.33
13:4:18:605665,295.41
13:4:18:687768,295.41
13:4:18:784366,295.41
13:4:18:866573,295.37
13:4:18:948484,295.31
13:4:19:30901,295.31
13:4:19:113102,295.37
13:4:19:195480,295.33
13:4:19:277860,295.45
13:4:19:360188,295.41
13:4:19:442386,295.42
13:4:19:524734,295.30
13:4:19:607242,295.37
13:4:19:689770,295.47
13:4:19:771430,295.41
13:4:19:854592,295.30
13:4:19:936060,295.32
13:4:20:18323,295.33
13:4:20:114754,295.37
13:4:20:196553,295.37
13:4:20:278998,295.30
13:4:20:361014,295.30
13:4:20:444055,295.28
13:4:20:525761,295.35
13:4:20:608007,295.35
13:4:20:690880,295.35
13:4:20:772821,295.37
13:4:20:855070,295.38
13:4:20:937311,295.39
13:4:21:19724,295.43
13:4:21:101732,295.38
13:4:21:184015,295.41
13:4:21:266621,295.35
13:4:21:349033,295.39
13:4:21:444607,295.41
13:4:21:526746,295.37
13:4:21:608992,295.30
13:4:21:691418,295.42
13:4:21:774220,295.37
13:4:21:856280,295.35
13:4:21:938732,295.35
13:4:22:21064,295.49
13:4:22:103802,295.41
13:4:22:185613,295.42
13:4:22:267758,295.35
13:4:22:350163,295.33
13:4:22:432697,295.39
13:4:22:515060,295.42
13:4:22:597031,295.35
13:4:22:679414,295.42
13:4:22:774998,295.32
13:4:22:857872,295.39
13:4:22:939824,295.43
13:4:23:22430,295.41
13:4:23:104381,295.38
13:4:23:187202,295.41
13:4:23:269068,295.39
13:4:23:351523,295.32
13:4:23:433891,295.39
13:4:23:516279,295.39
13:4:23:598544,295.39
13:4:23:680175,295.37
13:4:23:762429,295.39
13:4:23:845167,295.41
13:4:23:927470,295.33
13:4:24:9772,295.32
13:4:24:105318,295.35
13:4:24:188145,295.43
13:4:24:270496,295.35
13:4:24:352556,295.38
13:4:24:435094,295.35
13:4:24:517762,295.38
13:4:24:600016,295.35
13:4:24:682093,295.39
13:4:24:764392,295.41
13:4:24:846378,295.35
13:4:24:928771,295.41
13:4:25:11133,295.35
13:4:25:93421,295.32
13:4:25:175685,295.28
13:4:25:257476,295.32
13:4:25:339907,295.35
13:4:25:436056,295.32
13:4:25:518290,295.33
13:4:25:600401,295.32
13:4:25:683162,295.32
13:4:25:764839,295.41
13:4:25:848109,295.27
13:4:25:929868,295.41
13:4:26:12356,295.38
13:4:26:94538,295.37
13:4:26:176621,295.33
13:4:26:259363,295.41
13:4:26:341329,295.35
13:4:26:423683,295.35
13:4:26:506194,295.32
13:4:26:588491,295.35
13:4:26:670734,295.41
13:4:26:766098,295.35
13:4:26:848719,295.39
13:4:26:930864,295.33
13:4:27:13343,295.35
13:4:27:95567,295.41
13:4:27:178038,295.39
13:4:27:260267,295.32
13:4:27:342749,295.30
13:4:27:425210,295.41
13:4:27:507212,295.38
13:4:27:590170,295.35
13:4:27:672065,295.39
13:4:27:754545,295.30
13:4:27:836475,295.39
13:4:27:918473,295.31
13:4:28:608,295.32
13:4:28:96388,295.41
13:4:28:178746,295.35
13:4:28:261133,295.33
13:4:28:343380,295.31
13:4:28:425709,295.42
13:4:28:508250,295.27
13:4:28:591082,295.24
13:4:28:673267,295.33
13:4:28:755731,295.37
13:4:28:838027,295.28
13:4:28:920212,295.35
13:4:29:1953,295.35
13:4:29:84294,295.30
13:4:29:166548,295.38
13:4:29:248814,295.43
13:4:29:331025,295.47
13:4:29:426825,295.33
13:4:29:509200,295.33
13:4:29:591526,295.32
13:4:29:674221,295.31
13:4:29:756684,295.37
13:4:29:839072,295.35
13:4:29:920748,295.33
13:4:30:3473,295.38
13:4:30:85844,295.38
13:4:30:168102,295.35
13:4:30:250053,295.42
13:4:30:332980,295.33
13:4:30:415231,295.37
13:4:30:497520,295.30
13:4:30:579661,295.41
13:4:30:661516,295.47
13:4:30:757673,295.35
13:4:30:840029,295.35
13:4:30:922730,295.32
13:4:31:4766,295.33
13:4:31:87216,295.37
13:4:31:169257,295.38
13:4:31:251948,295.37
13:4:31:333894,295.35
13:4:31:416072,295.39
13:4:31:498663,295.38
13:4:31:580822,295.35
13:4:31:663464,295.37
13:4:31:745262,295.30
13:4:31:827867,295.35
13:4:31:910120,295.39
13:4:31:991872,295.41
13:4:32:88159,295.31
13:4:32:170368,295.39
13:4:32:252733,295.38
13:4:32:335044,295.32
13:4:32:417375,295.30
13:4:32:499697,295.33
13:4:32:581768,295.35
13:4:32:664041,295.43
13:4:32:746306,295.32
13:4:32:828899,295.32
13:4:32:911519,295.32
13:4:32:993545,295.33
13:4:33:75900,295.35
13:4:33:157912,295.37
13:4:33:240303,295.42
13:4:33:322564,295.35
13:4:33:418518,295.37
13:4:33:501016,295.32
13:4:33:582911,295.32
13:4:33:665182,295.37
13:4:33:747454,295.39
13:4:33:829886,295.30
13:4:33:912109,295.37
13:4:33:994357,295.35
13:4:34:76640,295.35
13:4:34:158959,295.30
13:4:34:241511,295.32
13:4:34:324060,295.33
13:4:34:406008,295.39
13:4:34:488635,295.33
13:4:34:570915,295.35
13:4:34:653308,295.38
13:4:34:749264,295.31
13:4:34:831178,295.32
13:4:34:913824,295.39
13:4:34:996525,295.35
13:4:35:78356,295.26
13:4:35:160458,295.35
13:4:35:242445,295.38
13:4:35:325190,295.39
13:4:35:407223,295.41
13:4:35:490094,295.37
13:4:35:572242,295.37
13:4:35:654695,295.38
13:4:35:736986,295.32
13:4:35:819354,295.41
13:4:35:901385,295.41
13:4:35:983863,295.43
13:4:36:79160,295.39
13:4:36:161667,295.43
13:4:36:244164,295.35
13:4:36:326293,295.38
13:4:36:409108,295.37
13:4:36:491578,295.35
13:4:36:573559,295.31
13:4:36:655649,295.32
13:4:36:737954,295.33
13:4:36:820238,295.38
13:4:36:902582,295.35
13:4:36:985122,295.33
13:4:37:67428,295.32
13:4:37:149308,295.35
13:4:37:231793,295.44
13:4:37:314402,295.44
13:4:37:409942,295.32
13:4:37:492466,295.33
13:4:37:574647,295.37
13:4:37:656587,295.44
13:4:37:738966,295.44
13:4:37:821122,295.35
13:4:37:903428,295.35
13:4:37:985960,295.32
13:4:38:68043,295.32
13:4:38:150370,295.35
13:4:38:233020,295.39
13:4:38:315256,295.33
13:4:38:397336,295.21
13:4:38:479972,295.37
13:4:38:562426,295.30
13:4:38:644772,295.33
13:4:38:740235,295.33
13:4:38:822448,295.28
13:4:38:904704,295.32
13:4:38:987145,295.39
13:4:39:69811,295.42
13:4:39:151600,295.37
13:4:39:234373,295.32
13:4:39:316412,295.37
13:4:39:399212,295.39
13:4:39:481030,295.38
13:4:39:563535,295.35
13:4:39:645914,295.30
13:4:39:728627,295.42
13:4:39:810631,295.42
13:4:39:892899,295.32
13:4:39:975084,295.38
13:4:40:70557,295.38
13:4:40:152667,295.35
13:4:40:235006,295.32
13:4:40:317448,295.35
13:4:40:399972,295.35
13:4:40:482612,295.33
13:4:40:564657,295.39
