Time,Temperature
19:56:26.502,296.52
19:56:26.551,296.48
19:56:26.633,296.43
19:56:26.716,296.45
19:56:26.798,296.51
19:56:26.881,296.53
19:56:26.963,296.51
19:56:27.045,296.48
19:56:27.127,296.51
19:56:27.223,296.45
19:56:27.305,296.53
19:56:27.388,296.48
19:56:27.470,296.45
19:56:27.553,296.47
19:56:27.635,296.43
19:56:27.717,296.48
19:56:27.799,296.45
19:56:27.882,296.45
19:56:27.964,296.52
19:56:28.046,296.47
19:56:28.129,296.51
19:56:28.211,296.51
19:56:28.293,296.45
19:56:28.376,296.49
19:56:28.458,296.47
19:56:28.554,296.45
19:56:28.636,296.52
19:56:28.718,296.53
19:56:28.801,296.49
19:56:28.883,296.41
19:56:28.965,296.45
19:56:29.048,296.51
19:56:29.130,296.45
19:56:29.212,296.56
19:56:29.295,296.56
19:56:29.377,296.51
19:56:29.459,296.43
19:56:29.541,296.48
19:56:29.624,296.53
19:56:29.706,296.49
19:56:29.788,296.47
19:56:29.884,296.48
19:56:29.966,296.47
19:56:30.049,296.52
19:56:30.131,296.48
19:56:30.214,296.41
19:56:30.296,296.45
19:56:30.378,296.49
19:56:30.461,296.48
19:56:30.543,296.48
19:56:30.625,296.45
19:56:30.707,296.49
19:56:30.790,296.53
19:56:30.872,296.47
19:56:30.954,296.52
19:56:31.037,296.51
19:56:31.119,296.49
19:56:31.215,296.43
19:56:31.297,296.47
19:56:31.379,296.53
19:56:31.462,296.49
19:56:31.544,296.51
19:56:31.626,296.43
19:56:31.709,296.48
19:56:31.791,296.48
19:56:31.873,296.51
19:56:31.956,296.45
19:56:32.038,296.48
19:56:32.120,296.48
19:56:32.203,296.49
19:56:32.285,296.47
19:56:32.367,296.47
19:56:32.450,296.45
19:56:32.545,296.53
19:56:32.627,296.48
19:56:32.710,296.48
19:56:32.792,296.45
19:56:32.875,296.56
19:56:32.957,296.52
19:56:33.039,296.52
19:56:33.121,296.56
19:56:33.204,296.48
19:56:33.286,296.49
19:56:33.368,296.45
19:56:33.451,296.48
19:56:33.533,296.47
19:56:33.615,296.41
19:56:33.698,296.43
19:56:33.780,296.42
19:56:33.876,296.45
19:56:33.958,296.48
19:56:34.041,296.45
19:56:34.123,296.43
19:56:34.205,296.45
19:56:34.287,296.54
19:56:34.370,296.43
19:56:34.452,296.41
19:56:34.534,296.42
19:56:34.616,296.45
19:56:34.699,296.51
19:56:34.781,296.43
19:56:34.864,296.45
19:56:34.946,296.43
19:56:35.028,296.45
19:56:35.110,296.42
19:56:35.206,296.42
19:56:35.289,296.45
19:56:35.371,296.45
19:56:35.453,296.53
19:56:35.536,296.51
19:56:35.618,296.47
19:56:35.700,296.51
19:56:35.783,296.49
19:56:35.865,296.48
19:56:35.947,296.47
19:56:36.029,296.48
19:56:36.112,296.45
19:56:36.194,296.43
19:56:36.276,296.48
19:56:36.359,296.52
19:56:36.441,296.45
19:56:36.537,296.40
19:56:36.619,296.41
19:56:36.702,296.48
19:56:36.784,296.49
19:56:36.866,296.49
19:56:36.949,296.48
19:56:37.031,296.48
19:56:37.113,296.40
19:56:37.195,296.48
19:56:37.278,296.49
19:56:37.360,296.47
19:56:37.442,296.51
19:56:37.525,296.49
19:56:37.607,296.52
19:56:37.689,296.47
19:56:37.772,296.48
19:56:37.867,296.42
19:56:37.950,296.43
19:56:38.032,296.43
19:56:38.114,296.41
19:56:38.197,296.48
19:56:38.279,296.53
19:56:38.361,296.52
19:56:38.443,296.48
19:56:38.526,296.48
19:56:38.608,296.49
19:56:38.690,296.51
19:56:38.773,296.49
19:56:38.855,296.49
19:56:38.937,296.42
19:56:39.020,296.42
19:56:39.102,296.47
19:56:39.198,296.51
19:56:39.280,296.54
19:56:39.362,296.43
19:56:39.445,296.45
19:56:39.527,296.52
19:56:39.609,296.56
19:56:39.692,296.49
19:56:39.774,296.51
19:56:39.856,296.45
19:56:39.939,296.49
19:56:40.021,296.53
19:56:40.103,296.45
19:56:40.186,296.45
19:56:40.268,296.48
19:56:40.350,296.45
19:56:40.433,296.48
19:56:40.528,296.49
19:56:40.611,296.47
19:56:40.693,296.48
19:56:40.775,296.52
19:56:40.858,296.53
19:56:40.940,296.53
19:56:41.022,296.52
19:56:41.105,296.48
19:56:41.187,296.40
19:56:41.269,296.42
19:56:41.352,296.40
19:56:41.434,296.45
19:56:41.516,296.59
19:56:41.599,296.47
19:56:41.681,296.43
19:56:41.763,296.42
19:56:41.859,296.43
19:56:41.941,296.45
19:56:42.023,296.45
19:56:42.106,296.47
19:56:42.188,296.40
19:56:42.270,296.45
19:56:42.353,296.45
19:56:42.435,296.49
19:56:42.517,296.43
19:56:42.600,296.51
19:56:42.682,296.48
19:56:42.764,296.47
19:56:42.847,296.48
19:56:42.929,296.52
19:56:43.011,296.45
19:56:43.094,296.48
19:56:43.189,296.54
19:56:43.272,296.48
19:56:43.354,296.45
19:56:43.436,296.48
19:56:43.519,296.47
19:56:43.601,296.43
19:56:43.683,296.42
19:56:43.766,296.47
19:56:43.848,296.56
19:56:43.930,296.54
19:56:44.013,296.53
19:56:44.095,296.51
19:56:44.177,296.40
19:56:44.260,296.43
19:56:44.342,296.45
19:56:44.424,296.45
19:56:44.520,296.45
19:56:44.602,296.52
19:56:44.685,296.52
19:56:44.767,296.56
19:56:44.849,296.52
19:56:44.932,296.51
19:56:45.014,296.48
19:56:45.096,296.45
19:56:45.178,296.48
19:56:45.261,296.51
19:56:45.343,296.56
19:56:45.425,296.49
19:56:45.508,296.43
19:56:45.590,296.48
19:56:45.672,296.48
19:56:45.755,296.53
19:56:45.850,296.45
19:56:45.933,296.45
19:56:46.015,296.48
19:56:46.097,296.40
19:56:46.180,296.43
19:56:46.262,296.52
19:56:46.344,296.41
19:56:46.427,296.43
19:56:46.509,296.48
19:56:46.591,296.47
19:56:46.674,296.51
19:56:46.756,296.42
19:56:46.838,296.45
19:56:46.921,296.42
19:56:47.003,296.42
19:56:47.085,296.43
19:56:47.181,296.48
19:56:47.263,296.49
19:56:47.345,296.45
19:56:47.428,296.45
19:56:47.510,296.48
19:56:47.593,296.47
19:56:47.675,296.48
19:56:47.757,296.51
19:56:47.839,296.43
19:56:47.922,296.51
19:56:48.004,296.47
19:56:48.087,296.51
19:56:48.169,296.45
19:56:48.251,296.45
19:56:48.333,296.45
19:56:48.416,296.49
19:56:48.512,296.47
19:56:48.594,296.45
19:56:48.676,296.51
19:56:48.758,296.51
19:56:48.841,296.54
19:56:48.923,296.54
19:56:49.005,296.45
19:56:49.088,296.54
19:56:49.170,296.48
19:56:49.252,296.43
19:56:49.335,296.43
19:56:49.417,296.48
19:56:49.499,296.43
19:56:49.582,296.41
19:56:49.664,296.48
19:56:49.746,296.48
19:56:49.842,296.45
19:56:49.924,296.52
19:56:50.007,296.52
19:56:50.089,296.48
19:56:50.171,296.48
19:56:50.254,296.49
19:56:50.336,296.45
19:56:50.418,296.48
19:56:50.500,296.48
19:56:50.583,296.41
19:56:50.665,296.43
19:56:50.747,296.49
19:56:50.830,296.52
19:56:50.912,296.43
19:56:50.994,296.43
19:56:51.077,296.56
19:56:51.173,296.49
19:56:51.255,296.54
19:56:51.337,296.45
19:56:51.419,296.45
19:56:51.501,296.45
19:56:51.584,296.41
19:56:51.666,296.38
19:56:51.749,296.45
19:56:51.831,296.43
19:56:51.913,296.49
19:56:51.996,296.45
19:56:52.078,296.48
19:56:52.160,296.49
19:56:52.243,296.51
19:56:52.325,296.42
19:56:52.407,296.41
19:56:52.503,296.43
19:56:52.585,296.47
19:56:52.667,296.47
19:56:52.750,296.41
19:56:52.832,296.47
19:56:52.915,296.48
19:56:52.997,296.56
19:56:53.079,296.45
19:56:53.161,296.48
19:56:53.244,296.45
19:56:53.326,296.41
19:56:53.408,296.43
19:56:53.491,296.48
19:56:53.573,296.45
19:56:53.655,296.45
19:56:53.738,296.42
19:56:53.834,296.45
19:56:53.916,296.41
19:56:53.998,296.42
19:56:54.081,296.47
19:56:54.163,296.45
19:56:54.245,296.48
19:56:54.328,296.51
19:56:54.410,296.48
19:56:54.492,296.43
19:56:54.574,296.53
19:56:54.657,296.43
19:56:54.739,296.49
19:56:54.821,296.48
19:56:54.904,296.48
19:56:54.986,296.45
19:56:55.068,296.45
19:56:55.164,296.45
19:56:55.246,296.43
19:56:55.328,296.52
19:56:55.411,296.48
19:56:55.493,296.40
19:56:55.576,296.45
19:56:55.658,296.49
19:56:55.740,296.52
19:56:55.823,296.51
19:56:55.905,296.48
19:56:55.987,296.48
19:56:56.069,296.48
19:56:56.152,296.47
19:56:56.234,296.48
19:56:56.316,296.49
19:56:56.399,296.45
19:56:56.494,296.42
19:56:56.577,296.45
19:56:56.659,296.51
19:56:56.741,296.48
19:56:56.824,296.41
19:56:56.906,296.45
19:56:56.988,296.52
19:56:57.070,296.51
19:56:57.153,296.48
19:56:57.235,296.56
19:56:57.318,296.56
19:56:57.400,296.48
19:56:57.482,296.53
19:56:57.564,296.51
19:56:57.647,296.45
19:56:57.729,296.48
19:56:57.825,296.45
19:56:57.907,296.52
19:56:57.990,296.48
19:56:58.072,296.48
19:56:58.154,296.41
19:56:58.237,296.43
19:56:58.319,296.56
19:56:58.401,296.47
19:56:58.483,296.45
19:56:58.566,296.40
19:56:58.648,296.48
19:56:58.730,296.48
19:56:58.813,296.51
19:56:58.895,296.49
19:56:58.977,296.52
19:56:59.059,296.49
19:56:59.155,296.51
19:56:59.238,296.52
19:56:59.320,296.47
19:56:59.402,296.49
19:56:59.485,296.48
19:56:59.567,296.56
19:56:59.649,296.51
19:56:59.731,296.43
19:56:59.814,296.48
19:56:59.896,296.52
19:56:59.979,296.47
19:57:00.061,296.45
19:57:00.143,296.49
19:57:00.226,296.52
19:57:00.308,296.49
19:57:00.390,296.47
19:57:00.486,296.54
19:57:00.568,296.48
19:57:00.650,296.45
19:57:00.733,296.42
19:57:00.815,296.42
19:57:00.898,296.49
19:57:00.980,296.56
19:57:01.062,296.53
19:57:01.144,296.48
19:57:01.227,296.40
19:57:01.309,296.47
19:57:01.391,296.42
19:57:01.474,296.48
19:57:01.556,296.51
19:57:01.638,296.45
19:57:01.721,296.49
19:57:01.817,296.52
19:57:01.899,296.51
19:57:01.981,296.48
19:57:02.063,296.45
19:57:02.146,296.48
19:57:02.228,296.45
19:57:02.310,296.45
19:57:02.393,296.43
19:57:02.475,296.42
19:57:02.557,296.52
19:57:02.640,296.52
19:57:02.722,296.45
19:57:02.804,296.42
19:57:02.887,296.45
19:57:02.969,296.56
19:57:03.051,296.48
19:57:03.147,296.56
19:57:03.229,296.45
19:57:03.312,296.45
19:57:03.394,296.43
19:57:03.476,296.45
19:57:03.559,296.38
19:57:03.641,296.45
19:57:03.723,296.51
19:57:03.805,296.56
19:57:03.888,296.51
19:57:03.970,296.43
19:57:04.053,296.43
19:57:04.135,296.51
19:57:04.217,296.48
19:57:04.299,296.49
19:57:04.382,296.41
19:57:04.477,296.51
19:57:04.560,296.51
19:57:04.642,296.48
19:57:04.724,296.53
19:57:04.807,296.48
19:57:04.889,296.51
19:57:04.971,296.41
19:57:05.054,296.47
19:57:05.136,296.45
19:57:05.218,296.51
19:57:05.301,296.56
19:57:05.383,296.48
19:57:05.465,296.52
19:57:05.548,296.52
19:57:05.630,296.43
19:57:05.712,296.43
19:57:05.808,296.56
19:57:05.890,296.54
19:57:05.973,296.47
19:57:06.055,296.43
19:57:06.137,296.48
19:57:06.220,296.42
19:57:06.302,296.45
19:57:06.384,296.51
19:57:06.466,296.45
19:57:06.549,296.45
19:57:06.631,296.49
19:57:06.714,296.47
19:57:06.796,296.45
19:57:06.878,296.49
19:57:06.961,296.48
19:57:07.043,296.45
19:57:07.138,296.48
19:57:07.221,296.40
19:57:07.303,296.45
19:57:07.385,296.45
19:57:07.468,296.43
19:57:07.550,296.48
19:57:07.632,296.52
19:57:07.715,296.47
19:57:07.797,296.43
19:57:07.879,296.53
19:57:07.962,296.48
19:57:08.044,296.43
19:57:08.126,296.41
19:57:08.208,296.40
19:57:08.291,296.49
19:57:08.373,296.40
19:57:08.469,296.48
19:57:08.551,296.52
19:57:08.634,296.45
19:57:08.716,296.43
19:57:08.798,296.40
19:57:08.881,296.38
19:57:08.963,296.45
19:57:09.045,296.45
19:57:09.127,296.38
19:57:09.210,296.38
19:57:09.292,296.41
19:57:09.375,296.42
19:57:09.457,296.49
19:57:09.539,296.38
19:57:09.621,296.43
19:57:09.704,296.48
19:57:09.799,296.45
19:57:09.882,296.45
19:57:09.964,296.48
19:57:10.046,296.42
19:57:10.128,296.38
19:57:10.211,296.41
19:57:10.293,296.45
19:57:10.376,296.43
19:57:10.458,296.42
19:57:10.540,296.45
19:57:10.625,296.51
19:57:10.705,296.38
19:57:10.787,296.38
19:57:10.870,296.45
19:57:10.952,296.47
19:57:11.034,296.42
19:57:11.130,296.45
19:57:11.212,296.48
19:57:11.295,296.52
19:57:11.377,296.45
19:57:11.459,296.45
19:57:11.542,296.45
19:57:11.624,296.43
19:57:11.706,296.45
19:57:11.789,296.49
19:57:11.871,296.45
19:57:11.953,296.38
19:57:12.036,296.42
19:57:12.118,296.43
19:57:12.200,296.42
19:57:12.282,296.38
19:57:12.365,296.43
19:57:12.460,296.45
19:57:12.543,296.41
19:57:12.625,296.41
19:57:12.707,296.42
19:57:12.790,296.45
19:57:12.872,296.42
19:57:12.954,296.40
19:57:13.037,296.40
19:57:13.119,296.45
19:57:13.201,296.40
19:57:13.284,296.42
19:57:13.366,296.41
19:57:13.448,296.38
19:57:13.530,296.45
19:57:13.613,296.48
19:57:13.695,296.41
19:57:13.791,296.48
19:57:13.873,296.53
19:57:13.956,296.48
19:57:14.038,296.51
19:57:14.120,296.51
19:57:14.203,296.49
19:57:14.285,296.45
19:57:14.367,296.41
19:57:14.450,296.43
19:57:14.532,296.42
19:57:14.614,296.40
19:57:14.696,296.42
19:57:14.779,296.43
19:57:14.861,296.45
19:57:14.944,296.59
19:57:15.026,296.48
19:57:15.121,296.45
19:57:15.204,296.40
19:57:15.286,296.41
19:57:15.368,296.47
19:57:15.451,296.40
19:57:15.533,296.45
19:57:15.615,296.64
19:57:15.698,296.99
19:57:15.780,297.09
19:57:15.862,297.02
19:57:15.945,297.06
19:57:16.027,297.75
19:57:16.109,298.90
19:57:16.191,299.85
19:57:16.274,300.94
19:57:16.356,301.94
19:57:16.452,303.00
19:57:16.534,303.92
19:57:16.617,304.49
19:57:16.699,304.99
19:57:16.781,305.51
19:57:16.864,305.78
19:57:16.946,306.09
19:57:17.028,306.30
19:57:17.111,306.45
19:57:17.193,306.61
19:57:17.275,306.86
19:57:17.357,306.94
19:57:17.440,306.99
19:57:17.522,307.24
19:57:17.605,307.27
19:57:17.687,307.40
19:57:17.782,307.53
19:57:17.865,307.58
19:57:17.947,307.62
19:57:18.029,307.74
19:57:18.112,307.77
19:57:18.194,307.76
19:57:18.276,307.83
19:57:18.359,307.82
19:57:18.441,307.85
19:57:18.523,307.93
19:57:18.606,307.91
19:57:18.688,307.96
19:57:18.770,308.03
19:57:18.853,308.07
19:57:18.935,308.17
19:57:19.017,308.13
19:57:19.113,308.17
19:57:19.196,308.16
19:57:19.278,308.23
19:57:19.360,308.20
19:57:19.442,308.24
19:57:19.524,308.24
19:57:19.607,308.35
19:57:19.689,308.32
19:57:19.772,308.37
19:57:19.857,308.35
19:57:19.936,308.43
19:57:20.019,308.37
19:57:20.101,308.37
19:57:20.183,308.39
19:57:20.266,308.34
19:57:20.348,308.45
19:57:20.443,308.45
19:57:20.526,308.45
19:57:20.608,308.45
19:57:20.690,308.45
19:57:20.773,308.49
19:57:20.855,308.52
19:57:20.937,308.50
19:57:21.020,308.52
19:57:21.102,308.56
19:57:21.184,308.56
19:57:21.267,308.55
19:57:21.349,308.61
19:57:21.431,308.66
19:57:21.513,308.59
19:57:21.596,308.57
19:57:21.678,308.56
19:57:21.774,308.63
19:57:21.856,308.73
19:57:21.939,308.66
19:57:22.021,308.67
19:57:22.103,308.63
19:57:22.186,308.62
19:57:22.268,308.66
19:57:22.350,308.63
19:57:22.433,308.68
19:57:22.515,308.68
19:57:22.597,308.68
19:57:22.680,308.70
19:57:22.762,308.75
19:57:22.844,308.70
19:57:22.927,308.70
19:57:23.009,308.72
19:57:23.104,308.74
19:57:23.187,308.79
19:57:23.269,308.68
19:57:23.351,308.73
19:57:23.434,308.75
19:57:23.516,308.77
19:57:23.598,308.77
19:57:23.681,308.77
19:57:23.763,308.81
19:57:23.845,308.75
19:57:23.928,308.77
19:57:24.010,308.84
19:57:24.092,308.77
19:57:24.175,308.77
19:57:24.257,308.77
19:57:24.339,308.77
19:57:24.435,308.81
19:57:24.517,308.86
19:57:24.600,308.79
19:57:24.682,308.88
19:57:24.764,308.85
19:57:24.847,308.80
19:57:24.929,308.79
19:57:25.011,308.82
19:57:25.094,308.81
19:57:25.176,308.88
19:57:25.258,308.85
19:57:25.340,308.77
19:57:25.423,308.77
19:57:25.505,308.93
19:57:25.587,308.79
19:57:25.670,308.86
19:57:25.765,308.88
19:57:25.848,308.88
19:57:25.930,308.86
19:57:26.012,308.93
19:57:26.095,308.85
19:57:26.177,308.86
19:57:26.259,308.86
19:57:26.342,308.82
19:57:26.424,308.90
19:57:26.506,308.82
19:57:26.589,308.82
19:57:26.671,308.86
19:57:26.753,308.93
19:57:26.836,308.86
19:57:26.918,308.86
19:57:27.000,308.90
19:57:27.096,308.95
19:57:27.178,308.92
19:57:27.261,308.95
19:57:27.343,308.90
19:57:27.425,308.77
19:57:27.507,308.88
19:57:27.590,308.98
19:57:27.672,308.93
19:57:27.754,308.82
19:57:27.837,308.73
19:57:27.919,308.45
19:57:28.001,308.24
19:57:28.084,308.19
19:57:28.166,308.03
19:57:28.248,307.80
19:57:28.331,307.70
19:57:28.426,307.57
19:57:28.509,307.53
19:57:28.591,307.50
19:57:28.673,307.42
19:57:28.756,307.35
19:57:28.838,307.29
19:57:28.920,307.17
19:57:29.003,307.08
19:57:29.085,306.99
19:57:29.167,306.88
19:57:29.250,306.88
19:57:29.332,306.79
19:57:29.414,306.70
19:57:29.497,306.56
19:57:29.579,306.52
19:57:29.661,306.41
19:57:29.757,306.31
19:57:29.839,306.25
19:57:29.922,306.14
19:57:30.004,306.03
19:57:30.086,306.00
19:57:30.168,305.98
19:57:30.251,305.91
19:57:30.333,305.85
19:57:30.415,305.75
19:57:30.498,305.58
19:57:30.580,305.52
19:57:30.662,305.46
19:57:30.745,305.40
19:57:30.827,305.28
19:57:30.909,305.22
19:57:30.992,305.11
19:57:31.088,305.08
19:57:31.170,304.95
19:57:31.252,304.86
19:57:31.335,304.73
19:57:31.417,304.72
19:57:31.499,304.66
19:57:31.581,304.62
19:57:31.664,304.51
19:57:31.746,304.39
19:57:31.828,304.28
19:57:31.911,304.28
19:57:31.993,304.19
19:57:32.075,304.08
19:57:32.158,304.07
19:57:32.240,303.99
19:57:32.322,303.92
19:57:32.418,303.89
19:57:32.500,303.85
19:57:32.582,303.71
19:57:32.665,303.72
19:57:32.747,303.63
19:57:32.829,303.52
19:57:32.912,303.48
19:57:32.994,303.49
19:57:33.076,303.41
19:57:33.159,303.32
19:57:33.241,303.30
19:57:33.323,303.23
19:57:33.406,303.16
19:57:33.488,303.18
19:57:33.570,303.13
19:57:33.653,303.00
19:57:33.749,302.94
19:57:33.831,302.88
19:57:33.913,302.82
19:57:33.996,302.78
19:57:34.078,302.71
19:57:34.160,302.72
19:57:34.242,302.67
19:57:34.325,302.58
19:57:34.407,302.47
19:57:34.489,302.43
19:57:34.572,302.35
19:57:34.654,302.41
19:57:34.736,302.24
19:57:34.819,302.27
19:57:34.901,302.20
19:57:34.983,302.05
19:57:35.079,301.99
19:57:35.161,301.96
19:57:35.244,301.89
19:57:35.326,301.85
19:57:35.408,301.81
19:57:35.491,301.77
19:57:35.573,301.67
19:57:35.655,301.58
19:57:35.737,301.65
19:57:35.820,301.56
19:57:35.902,301.51
19:57:35.985,301.45
19:57:36.067,301.36
19:57:36.149,301.38
19:57:36.231,301.28
19:57:36.314,301.29
19:57:36.409,301.22
19:57:36.492,301.24
19:57:36.574,301.20
19:57:36.657,301.04
19:57:36.739,301.04
19:57:36.821,300.94
19:57:36.904,300.85
19:57:36.986,300.88
19:57:37.068,300.83
19:57:37.150,300.80
19:57:37.233,300.74
19:57:37.315,300.73
19:57:37.397,300.67
19:57:37.480,300.60
19:57:37.562,300.54
19:57:37.644,300.60
19:57:37.740,300.58
19:57:37.822,300.57
19:57:37.905,300.49
19:57:37.987,300.51
19:57:38.069,300.46
19:57:38.152,300.38
19:57:38.234,300.32
19:57:38.316,300.29
19:57:38.400,300.32
19:57:38.481,300.27
19:57:38.563,300.27
19:57:38.645,300.19
19:57:38.728,300.17
19:57:38.810,300.10
19:57:38.892,300.11
19:57:38.975,300.06
19:57:39.070,300.02
19:57:39.153,299.93
19:57:39.235,299.88
19:57:39.317,299.89
19:57:39.400,299.92
19:57:39.482,299.88
19:57:39.564,299.89
19:57:39.647,299.87
19:57:39.729,299.85
19:57:39.811,299.85
19:57:39.894,299.72
19:57:39.976,299.67
19:57:40.058,299.65
19:57:40.141,299.65
19:57:40.223,299.60
19:57:40.305,299.56
19:57:40.401,299.56
19:57:40.483,299.56
19:57:40.565,299.52
19:57:40.648,299.50
19:57:40.730,299.42
19:57:40.813,299.38
19:57:40.895,299.40
19:57:40.977,299.40
19:57:41.060,299.34
19:57:41.142,299.36
19:57:41.224,299.31
19:57:41.307,299.31
19:57:41.389,299.31
19:57:41.471,299.29
19:57:41.553,299.23
19:57:41.636,299.18
19:57:41.731,299.20
19:57:41.814,299.23
19:57:41.896,299.20
19:57:41.978,299.11
19:57:42.061,299.06
19:57:42.143,299.10
19:57:42.225,299.01
19:57:42.308,299.00
19:57:42.390,298.95
19:57:42.472,298.99
19:57:42.555,299.00
19:57:42.637,298.94
19:57:42.719,298.89
19:57:42.802,298.92
19:57:42.884,298.86
19:57:42.966,298.86
19:57:43.062,298.90
19:57:43.144,298.84
19:57:43.227,298.78
19:57:43.309,298.76
19:57:43.391,298.78
19:57:43.474,298.77
19:57:43.556,298.67
19:57:43.638,298.67
19:57:43.721,298.67
19:57:43.803,298.67
19:57:43.885,298.67
19:57:43.968,298.53
19:57:44.050,298.61
19:57:44.132,298.67
19:57:44.214,298.56
19:57:44.297,298.59
19:57:44.392,298.52
19:57:44.475,298.54
19:57:44.557,298.50
19:57:44.640,298.54
19:57:44.722,298.49
19:57:44.804,298.56
19:57:44.886,298.45
19:57:44.969,298.38
19:57:45.051,298.38
19:57:45.133,298.38
19:57:45.216,298.36
19:57:45.298,298.45
19:57:45.380,298.39
19:57:45.463,298.38
19:57:45.545,298.48
19:57:45.627,298.45
19:57:45.723,298.34
19:57:45.805,298.34
19:57:45.888,298.38
19:57:45.970,298.38
19:57:46.052,298.31
19:57:46.134,298.36
19:57:46.217,298.28
19:57:46.299,298.31
19:57:46.381,298.31
19:57:46.464,298.23
19:57:46.546,298.23
19:57:46.628,298.19
19:57:46.711,298.26
19:57:46.793,298.30
19:57:46.875,298.30
19:57:46.958,298.28
19:57:47.054,298.28
19:57:47.136,298.24
19:57:47.218,298.17
19:57:47.300,298.15
19:57:47.383,298.13
19:57:47.465,298.13
19:57:47.548,298.17
19:57:47.630,298.12
19:57:47.712,298.12
19:57:47.794,298.15
19:57:47.877,298.17
19:57:47.959,298.17
19:57:48.041,298.06
19:57:48.123,298.06
19:57:48.206,298.13
19:57:48.288,298.04
19:57:48.384,298.02
19:57:48.466,298.06
19:57:48.548,297.96
19:57:48.631,297.94
19:57:48.713,298.09
19:57:48.796,298.04
19:57:48.878,298.04
19:57:48.960,298.00
19:57:49.042,298.03
19:57:49.125,297.99
19:57:49.207,297.99
19:57:49.290,298.00
19:57:49.372,297.89
19:57:49.454,297.92
19:57:49.536,297.98
19:57:49.619,297.92
19:57:49.714,297.84
19:57:49.797,297.96
19:57:49.879,297.90
19:57:49.961,297.88
19:57:50.044,297.90
19:57:50.126,297.92
19:57:50.208,297.92
19:57:50.291,297.96
19:57:50.373,297.86
19:57:50.455,297.90
19:57:50.537,297.89
19:57:50.620,297.89
19:57:50.702,297.79
19:57:50.785,297.83
19:57:50.867,297.81
19:57:50.949,297.83
19:57:51.045,297.81
19:57:51.127,297.83
19:57:51.210,297.77
19:57:51.292,297.79
19:57:51.374,297.78
19:57:51.457,297.73
19:57:51.539,297.75
19:57:51.621,297.68
19:57:51.704,297.73
19:57:51.786,297.75
19:57:51.868,297.70
19:57:51.950,297.70
19:57:52.033,297.66
19:57:52.115,297.60
19:57:52.197,297.70
19:57:52.280,297.70
19:57:52.375,297.64
19:57:52.458,297.68
19:57:52.540,297.64
19:57:52.622,297.66
19:57:52.705,297.68
19:57:52.787,297.68
19:57:52.869,297.60
19:57:52.952,297.53
19:57:53.034,297.57
19:57:53.116,297.63
19:57:53.198,297.59
19:57:53.281,297.57
19:57:53.363,297.57
19:57:53.445,297.63
19:57:53.528,297.60
19:57:53.610,297.62
19:57:53.706,297.55
19:57:53.788,297.57
19:57:53.871,297.52
19:57:53.953,297.56
19:57:54.035,297.57
19:57:54.117,297.62
19:57:54.200,297.56
19:57:54.282,297.46
19:57:54.365,297.50
19:57:54.447,297.49
19:57:54.529,297.50
19:57:54.611,297.49
19:57:54.694,297.46
19:57:54.776,297.42
19:57:54.859,297.49
19:57:54.941,297.45
19:57:55.036,297.45
19:57:55.119,297.44
19:57:55.201,297.42
19:57:55.283,297.39
19:57:55.366,297.34
19:57:55.448,297.39
19:57:55.530,297.42
19:57:55.613,297.45
19:57:55.695,297.48
19:57:55.777,297.44
19:57:55.860,297.39
19:57:55.942,297.39
19:57:56.024,297.39
19:57:56.107,297.38
19:57:56.189,297.37
19:57:56.271,297.37
19:57:56.367,297.33
19:57:56.449,297.42
19:57:56.532,297.24
19:57:56.614,297.35
19:57:56.696,297.35
19:57:56.779,297.31
19:57:56.861,297.29
19:57:56.943,297.27
19:57:57.026,297.28
19:57:57.108,297.24
19:57:57.190,297.27
19:57:57.273,297.29
19:57:57.355,297.34
19:57:57.437,297.22
19:57:57.519,297.24
19:57:57.602,297.26
19:57:57.697,297.31
19:57:57.780,297.27
19:57:57.865,297.33
19:57:57.944,297.31
19:57:58.027,297.26
19:57:58.109,297.31
19:57:58.191,297.26
19:57:58.274,297.17
19:57:58.356,297.24
19:57:58.438,297.26
19:57:58.521,297.27
19:57:58.603,297.20
19:57:58.685,297.27
19:57:58.767,297.22
19:57:58.850,297.24
19:57:58.932,297.19
19:57:59.028,297.17
19:57:59.111,297.11
19:57:59.192,297.11
19:57:59.275,297.17
19:57:59.357,297.19
19:57:59.439,297.21
19:57:59.522,297.11
19:57:59.604,297.15
19:57:59.686,297.14
19:57:59.773,297.13
19:57:59.851,297.10
19:57:59.933,297.14
19:58:00.016,297.20
19:58:00.098,297.09
19:58:00.180,297.08
19:58:00.262,297.13
19:58:00.358,297.09
19:58:00.441,297.08
19:58:00.523,297.15
19:58:00.605,297.06
19:58:00.687,297.06
19:58:00.770,297.06
19:58:00.852,297.09
19:58:00.935,297.06
19:58:01.017,297.02
19:58:01.099,297.17
19:58:01.181,297.13
19:58:01.264,297.08
19:58:01.346,297.06
19:58:01.428,297.06
19:58:01.511,297.09
19:58:01.593,297.06
19:58:01.689,297.09
19:58:01.771,297.13
19:58:01.853,297.13
19:58:01.936,297.14
19:58:02.018,297.10
19:58:02.101,297.09
19:58:02.183,297.08
19:58:02.265,297.09
19:58:02.348,297.08
19:58:02.430,296.98
19:58:02.512,296.95
19:58:02.595,296.98
19:58:02.677,297.04
19:58:02.759,297.08
19:58:02.842,297.03
19:58:02.924,297.04
19:58:03.019,297.00
19:58:03.102,297.04
19:58:03.184,297.04
19:58:03.266,296.99
19:58:03.349,296.95
19:58:03.431,297.00
19:58:03.513,297.00
19:58:03.596,297.02
19:58:03.678,296.95
19:58:03.760,296.97
19:58:03.843,297.02
19:58:03.925,296.99
19:58:04.007,296.99
19:58:04.090,296.93
19:58:04.172,296.92
19:58:04.254,296.93
19:58:04.350,296.99
19:58:04.432,296.99
19:58:04.514,296.98
19:58:04.597,296.95
19:58:04.679,296.95
19:58:04.762,297.02
19:58:04.844,296.95
19:58:04.926,296.99
19:58:05.009,297.08
19:58:05.091,296.99
19:58:05.173,296.91
19:58:05.256,296.95
19:58:05.338,296.98
19:58:05.420,296.99
19:58:05.503,297.00
19:58:05.585,296.95
19:58:05.680,296.88
19:58:05.763,296.95
19:58:05.845,296.97
19:58:05.927,296.97
19:58:06.010,297.02
19:58:06.092,296.93
19:58:06.174,296.89
19:58:06.257,296.92
19:58:06.339,296.99
19:58:06.421,296.87
19:58:06.504,296.91
19:58:06.586,296.99
19:58:06.668,296.98
19:58:06.751,296.91
19:58:06.833,296.86
19:58:06.915,296.89
19:58:07.011,296.98
19:58:07.093,296.98
19:58:07.176,296.91
19:58:07.258,296.91
19:58:07.340,296.91
19:58:07.423,296.95
19:58:07.505,296.93
19:58:07.587,296.84
19:58:07.670,296.78
19:58:07.752,296.97
19:58:07.834,296.97
19:58:07.917,296.89
19:58:07.999,296.87
19:58:08.081,296.88
19:58:08.163,296.85
19:58:08.246,296.89
19:58:08.342,296.89
19:58:08.424,296.89
19:58:08.506,296.84
19:58:08.589,296.93
19:58:08.671,296.88
19:58:08.753,296.87
19:58:08.835,296.93
19:58:08.918,296.91
19:58:09.000,296.95
19:58:09.082,296.86
19:58:09.165,296.84
19:58:09.247,296.93
19:58:09.329,296.91
19:58:09.412,296.88
19:58:09.494,296.91
19:58:09.576,296.85
19:58:09.672,296.87
19:58:09.754,296.97
19:58:09.837,296.87
19:58:09.919,296.88
19:58:10.001,296.84
19:58:10.084,296.86
19:58:10.166,296.89
19:58:10.248,296.91
19:58:10.330,296.95
19:58:10.413,296.86
19:58:10.495,296.87
19:58:10.577,296.86
19:58:10.660,296.92
19:58:10.742,296.78
19:58:10.825,296.76
19:58:10.907,296.77
19:58:11.003,296.80
19:58:11.085,296.84
19:58:11.167,296.82
19:58:11.249,296.86
19:58:11.332,296.86
19:58:11.414,296.88
19:58:11.497,296.82
19:58:11.579,296.76
19:58:11.661,296.77
19:58:11.744,296.74
19:58:11.825,296.77
19:58:11.908,296.81
19:58:11.990,296.80
19:58:12.073,296.76
19:58:12.155,296.78
19:58:12.237,296.76
19:58:12.333,296.74
19:58:12.415,296.73
19:58:12.498,296.77
19:58:12.580,296.73
19:58:12.662,296.75
19:58:12.745,296.74
19:58:12.827,296.86
19:58:12.909,296.82
19:58:12.992,296.81
19:58:13.074,296.77
19:58:13.156,296.71
19:58:13.239,296.75
19:58:13.321,296.76
19:58:13.403,296.74
19:58:13.486,296.77
19:58:13.568,296.73
19:58:13.664,296.80
19:58:13.746,296.73
19:58:13.828,296.77
19:58:13.911,296.76
19:58:13.993,296.73
19:58:14.075,296.80
19:58:14.157,296.82
19:58:14.240,296.80
19:58:14.322,296.82
19:58:14.405,296.75
19:58:14.487,296.77
19:58:14.569,296.84
19:58:14.652,296.76
19:58:14.734,296.74
19:58:14.816,296.73
19:58:14.898,296.71
19:58:14.994,296.78
19:58:15.076,296.69
19:58:15.159,296.73
19:58:15.241,296.77
19:58:15.323,296.75
19:58:15.406,296.75
19:58:15.488,296.74
19:58:15.570,296.65
19:58:15.653,296.69
19:58:15.735,296.80
19:58:15.817,296.76
19:58:15.900,296.69
19:58:15.982,296.77
19:58:16.064,296.85
19:58:16.146,296.78
19:58:16.229,296.73
19:58:16.325,296.74
19:58:16.407,296.76
19:58:16.489,296.69
19:58:16.571,296.67
19:58:16.654,296.63
19:58:16.736,296.69
19:58:16.819,296.74
19:58:16.901,296.75
19:58:16.983,296.69
19:58:17.065,296.65
19:58:17.148,296.70
19:58:17.230,296.70
19:58:17.312,296.76
19:58:17.395,296.71
19:58:17.477,296.70
19:58:17.559,296.70
19:58:17.655,296.76
19:58:17.737,296.78
19:58:17.820,296.76
19:58:17.902,296.67
19:58:17.984,296.65
19:58:18.067,296.74
19:58:18.149,296.73
19:58:18.231,296.70
19:58:18.314,296.69
19:58:18.396,296.75
19:58:18.478,296.64
19:58:18.561,296.69
19:58:18.643,296.73
19:58:18.725,296.71
19:58:18.808,296.67
19:58:18.890,296.64
19:58:18.985,296.73
19:58:19.068,296.70
19:58:19.150,296.71
19:58:19.232,296.70
19:58:19.315,296.64
19:58:19.397,296.69
19:58:19.480,296.75
19:58:19.562,296.69
19:58:19.644,296.70
19:58:19.726,296.76
19:58:19.809,296.73
19:58:19.891,296.67
19:58:19.974,296.70
19:58:20.056,296.65
19:58:20.138,296.69
19:58:20.220,296.65
19:58:20.316,296.69
19:58:20.398,296.64
19:58:20.481,296.63
19:58:20.563,296.64
19:58:20.645,296.67
19:58:20.728,296.67
19:58:20.810,296.75
19:58:20.892,296.70
19:58:20.975,296.76
19:58:21.057,296.69
19:58:21.139,296.65
19:58:21.222,296.59
19:58:21.304,296.67
19:58:21.386,296.64
19:58:21.469,296.69
19:58:21.551,296.75
19:58:21.647,296.69
19:58:21.729,296.63
19:58:21.811,296.63
19:58:21.894,296.69
19:58:21.976,296.67
19:58:22.058,296.64
19:58:22.141,296.63
19:58:22.223,296.69
19:58:22.305,296.60
19:58:22.387,296.59
19:58:22.470,296.69
19:58:22.552,296.65
19:58:22.634,296.67
19:58:22.717,296.67
19:58:22.799,296.64
19:58:22.881,296.62
19:58:22.977,296.69
19:58:23.060,296.67
19:58:23.142,296.71
19:58:23.224,296.64
19:58:23.307,296.64
19:58:23.389,296.63
19:58:23.471,296.63
19:58:23.553,296.73
19:58:23.636,296.75
19:58:23.718,296.64
19:58:23.800,296.67
19:58:23.883,296.69
19:58:23.965,296.70
19:58:24.047,296.71
19:58:24.130,296.67
19:58:24.212,296.64
19:58:24.308,296.59
19:58:24.390,296.67
19:58:24.472,296.71
19:58:24.555,296.65
19:58:24.637,296.60
19:58:24.719,296.64
19:58:24.802,296.67
19:58:24.884,296.62
19:58:24.966,296.62
19:58:25.049,296.67
19:58:25.131,296.67
19:58:25.213,296.62
19:58:25.296,296.64
